<?xml version="1.0" encoding="utf-8"?>
<!--
- phpMyAdmin XML Dump
- version 5.3.0-dev+20220616.7a6bd9eb57
- https://www.phpmyadmin.net
-
- Host: 127.0.0.1
- Generation Time: Jun 18, 2022 at 04:07 PM
- Server version: 10.4.24-MariaDB
- PHP Version: 8.1.4
-->

<pma_xml_export version="1.0" xmlns:pma="https://www.phpmyadmin.net/some_doc_url/">
    <!--
    - Structure schemas
    -->
    <pma:structure_schemas>
        <pma:database name="projektpwa" collation="utf8mb4_general_ci" charset="utf8mb4">
            <pma:table name="clanak">
                CREATE TABLE `clanak` (
                  `id` int(11) NOT NULL AUTO_INCREMENT,
                  `kategorija` varchar(255) NOT NULL,
                  `naslov` varchar(255) NOT NULL,
                  `slika` varchar(255) NOT NULL,
                  `opis` varchar(255) NOT NULL,
                  `vijest` varchar(255) NOT NULL,
                  `arhiva` tinyint(1) NOT NULL,
                  PRIMARY KEY (`id`)
                ) ENGINE=InnoDB AUTO_INCREMENT=11 DEFAULT CHARSET=utf8mb4;
            </pma:table>
            <pma:table name="korisnik">
                CREATE TABLE `korisnik` (
                  `id` int(11) NOT NULL AUTO_INCREMENT,
                  `korisnicko_ime` varchar(255) NOT NULL,
                  `ime` varchar(255) NOT NULL,
                  `prezime` varchar(255) NOT NULL,
                  `lozinka` varchar(255) NOT NULL,
                  `razina` tinyint(1) NOT NULL,
                  PRIMARY KEY (`id`),
                  UNIQUE KEY `unique` (`korisnicko_ime`)
                ) ENGINE=InnoDB AUTO_INCREMENT=3 DEFAULT CHARSET=utf8mb4;
            </pma:table>
        </pma:database>
    </pma:structure_schemas>

    <!--
    - Database: 'projektpwa'
    -->
    <database name="projektpwa">
        <!-- Table clanak -->
        <table name="clanak">
            <column name="id">2</column>
            <column name="kategorija">sport</column>
            <column name="naslov">Igrač Reala Modrić spustio</column>
            <column name="slika">s8.jpeg</column>
            <column name="opis">m</column>
            <column name="vijest">Izgubili smo u finalu od Real Madrida, tako da s njima imam neraščišćene račune, rekao je nogometaš Liverpoola Mohamed Salah uoči ovogodišnjeg finala Lige prvaka protiv Reala.

Madriđani su mu ostavili rane koje još nisu zacijelile. Prije četiri godine </column>
            <column name="arhiva">0</column>
        </table>
        <table name="clanak">
            <column name="id">3</column>
            <column name="kategorija">Sport</column>
            <column name="naslov">Karlovac se žalili ih io!</column>
            <column name="slika">s9.jpeg</column>
            <column name="opis">U doigravanju za Drugu HNL, koja je treći rang hrvatskog nogometa, nogometaši Trnja </column>
            <column name="vijest">Kako sada stvari stoje, bivši prvoligaši Karlovac i Zadar od sljedeće sezone igrat će u četvrtoj ligi! Izvršni odbor HNS-a je 6. lipnja na sjednici utvrdio sudionike, ali i momčadi koje će se u kvalifikacijama boriti za plasman u treću jedinstvenu ligu ko</column>
            <column name="arhiva">0</column>
        </table>
        <table name="clanak">
            <column name="id">4</column>
            <column name="kategorija">Kultura</column>
            <column name="naslov">Razlika u godinama nije prob</column>
            <column name="slika">s10.jpeg</column>
            <column name="opis">Za ovu svečanu prigodu Milena je zasjala u crnoj haljini s prorezom i dekolteom</column>
            <column name="vijest">Glumac i glazbenik Frano Lasić (67) i njegova supruga, beogradska likovna umjetnica Milena Lasić (35) zajedno su se pojavili na  dodjelama nagrada Naxi zvijezda u Beogradu. </column>
            <column name="arhiva">0</column>
        </table>
        <table name="clanak">
            <column name="id">5</column>
            <column name="kategorija">Kultura</column>
            <column name="naslov">Ella opet u nezgodnoj haljini</column>
            <column name="slika">s11.jpeg</column>
            <column name="opis">U bijeloj haljini dubokog dekoltea, otvorenim leđima i s prorezom mamila poglede na u Splitu</column>
            <column name="vijest">O provokativnoj haljini koju je Ella Dvornik-Pearce (31) nosila na partyju magazina Story, danima se nije prestajalo pričati, a mnoge je tada zanimalo nosi li influencerica ispod provokativne kreacije gaćice.</column>
            <column name="arhiva">0</column>
        </table>
        <table name="clanak">
            <column name="id">6</column>
            <column name="kategorija">Sport</column>
            <column name="naslov">Večeras uživo na 24sata</column>
            <column name="slika">s1.jpg</column>
            <column name="opis">Ovdje možete gledati novi MMA spektakl - FNC 6 iz Karlovca!</column>
            <column name="vijest">Novu priredbu u organizaciji najbrže rastuće MMA promocije u ovom dijelu Europe ponovno ćete moći gledati putem kanala 24sata. Uvodni dio programa počinje u 20 sati

AD
</column>
            <column name="arhiva">1</column>
        </table>
        <table name="clanak">
            <column name="id">7</column>
            <column name="kategorija">Sport</column>
            <column name="naslov">3mj nakon priredbe u Zaboku</column>
            <column name="slika">s1.jpg</column>
            <column name="opis">Tri mjeseca nakon vrhunske priredbe u Zaboku</column>
            <column name="vijest">slijede nam nova regionalna MMA uzbuđenja! Fight Nation Championship stiže u Karlovac 17. lipnja, a priredbu će u meču za inauguralnu titulu</column>
            <column name="arhiva">1</column>
        </table>
        <table name="clanak">
            <column name="id">8</column>
            <column name="kategorija">Kultura</column>
            <column name="naslov">Jeste li to vi?</column>
            <column name="slika">s13.jpeg</column>
            <column name="opis">Ovaj horoskopski znak očekuje ludo sretni srpanj</column>
            <column name="vijest">Na poslu je moguće napredovanje, što se može pozitivno odraziti i na financije ovog horoskopskog znaka</column>
            <column name="arhiva">1</column>
        </table>
        <table name="clanak">
            <column name="id">9</column>
            <column name="kategorija">Kultura</column>
            <column name="naslov">Vijest 1</column>
            <column name="slika">s2.jpg</column>
            <column name="opis">VIjestVIjestVIjestVIjestVIjest</column>
            <column name="vijest">VIjestVIjestVIjestVIjestVIjestVIjestVIjestVIjestVIjestVIjestVIjestVIjestVIjestVIjestVIjestVIjest</column>
            <column name="arhiva">0</column>
        </table>
        <table name="clanak">
            <column name="id">10</column>
            <column name="kategorija">Kultura</column>
            <column name="naslov">VIjest</column>
            <column name="slika">s3.jpg</column>
            <column name="opis">VIjestVIjestVIjest</column>
            <column name="vijest">VIjestVIjestVIjestVIjestVIjest</column>
            <column name="arhiva">1</column>
        </table>
        <!-- Table korisnik -->
        <table name="korisnik">
            <column name="id">1</column>
            <column name="korisnicko_ime">monika</column>
            <column name="ime">Monika</column>
            <column name="prezime">Sirotkovic</column>
            <column name="lozinka">$2y$10$847dculsghtJULoDjYI92udWDE5zLqpb2dAcpMnpWblMPWEIrRDOe</column>
            <column name="razina">1</column>
        </table>
        <table name="korisnik">
            <column name="id">2</column>
            <column name="korisnicko_ime">monsi</column>
            <column name="ime">Monika</column>
            <column name="prezime">sirotkovic</column>
            <column name="lozinka">$2y$10$/u4YfhsWMZwEiYJIx8W.tul8ARivi3FCviRdEVVwqhD.JA8MUWeg2</column>
            <column name="razina">0</column>
        </table>
    </database>
</pma_xml_export>